<application>
  <component name="FileTypeManager" version="18">
    <extensionMap>
      <mapping ext="space.kts" type="Kotlin" />
      <mapping ext="gradle.kts" type="Kotlin" />
      <mapping ext="main.kts" type="Kotlin" />
      <removed_mapping ext="apk" approved="true" type="ARCHIVE" />
      <removed_mapping ext="ignore" approved="true" type="IgnoreLang file" />
      <removed_mapping ext="psd" approved="true" type="Image" />
      <removed_mapping pattern=".ideavimrc" approved="true" type="AUTO_DETECTED" />
      <removed_mapping pattern=".ideavimrc" approved="true" type="HTML" />
      <removed_mapping pattern=".ideavimrc" approved="true" type="PLAIN_TEXT" />
      <removed_mapping pattern=".vm" approved="true" type="JavaScript" />
    </extensionMap>
  </component>
</application>