<application>
  <component name="AppStorage">
    <option name="newTranslationDialogWidth" value="592" />
    <option name="newTranslationDialogX" value="815" />
    <option name="newTranslationDialogY" value="450" />
    <histories>
      <item value="deserialization&#10;" />
      <item value="deseri" />
      <item value="Client does not support authentication protocol requested by server; consider upgrading MySQL client" />
      <item value="banner" />
      <item value="This feature is no longer recommended. Though some browsers might still support it, it may have already been removed from the relevant web standards, may be in the process of being dropped, or may only be kept for compatibility purposes. Avoid using it, and update existing code if possible; see the compatibility table at the bottom of this page to guide your decision. Be aware that this feature may cease to work at any time. The HTML &lt;frameset&gt; element is used to contain &lt;frame&gt; elements. Note: Because the use of frames is now discouraged in favor of using &lt;iframe&gt;, this element is not typically used by modern web sites." />
    </histories>
    <option name="languageScores">
      <map>
        <entry key="CHINESE" value="3" />
        <entry key="ENGLISH" value="1" />
      </map>
    </option>
  </component>
  <component name="Cache">
    <option name="lastTrimTime" value="1644245339606" />
  </component>
  <component name="Settings">
    <option name="translateDocumentation" value="true" />
  </component>
</application>